,Unnamed: 0.2,Unnamed: 0.1,Unnamed: 0,image
0,66450,66450,66450,/sddata/projects/Cervical_Cancer_Projects/data/PAVE/000002647.jpg
1,29253,29253,29253,/sddata/projects/Cervical_Cancer_Projects/data/NEVADA/PUBL00031944.jpg
2,41421,41421,41421,/sddata/projects/Cervical_Cancer_Projects/data/NEVADA/PUBL00025370.jpg
3,12241,12241,12241,/sddata/projects/Cervical_Cancer_Projects/data/Itoju_Nigeria/HFLD-00013437.jpg
4,45225,45225,45225,/sddata/projects/Cervical_Cancer_Projects/data/CVT_Low_Qual/I693934_C1.jpg
5,36866,36866,36866,/sddata/projects/Cervical_Cancer_Projects/data/NEVADA/JBKV-00000361.jpg
6,36933,36933,36933,/sddata/projects/Cervical_Cancer_Projects/data/NEVADA/WLFP-00001029.jpg
7,68514,68514,68514,/sddata/projects/Cervical_Cancer_Projects/data/PAVE/000001811.jpg
8,20376,20376,20376,/sddata/projects/Cervical_Cancer_Projects/data/SEED/I691307_C1.jpg
9,58996,58996,58996,/sddata/projects/Cervical_Cancer_Projects/data/PAVE/000015078.jpg
10,29540,29540,29540,/sddata/projects/Cervical_Cancer_Projects/data/NEVADA/PUBL00051525.jpg
11,38296,38296,38296,/sddata/projects/Cervical_Cancer_Projects/data/NEVADA/PUBL00050322.jpg
12,71416,71416,71416,/sddata/projects/Cervical_Cancer_Projects/data/PAVE/000016246.jpg
13,38050,38050,38050,/sddata/projects/Cervical_Cancer_Projects/data/NEVADA/FARH-00000284.jpg
14,16467,16467,16467,/sddata/projects/Cervical_Cancer_Projects/data/Itoju_Nigeria/HFLD-00013382.jpg
15,66410,66410,66410,/sddata/projects/Cervical_Cancer_Projects/data/PAVE/000004545.jpg
16,15755,15755,15755,/sddata/projects/Cervical_Cancer_Projects/data/Itoju_Nigeria/HFLD-00007375.jpg
17,55478,55478,55478,/sddata/projects/Cervical_Cancer_Projects/data/PAVE/000019055.jpg
18,44381,44381,44381,/sddata/projects/Cervical_Cancer_Projects/data/CVT_Low_Qual/I543571_C1.jpg
19,64257,64257,64257,/sddata/projects/Cervical_Cancer_Projects/data/PAVE/000020415.jpg
20,21127,21127,21127,/sddata/projects/Cervical_Cancer_Projects/data/SEED/SBX2296_1.jpg
21,45646,45646,45646,/sddata/projects/Cervical_Cancer_Projects/data/CVT_Low_Qual/I330215_C1.jpg
22,42611,42611,42611,/sddata/projects/Cervical_Cancer_Projects/data/ALTS_NHS_Low_Qual/I236988_C1.jpg
23,43549,43549,43549,/sddata/projects/Cervical_Cancer_Projects/data/CVT_Low_Qual/I272814_C1.jpg
24,28127,28127,28127,/sddata/projects/Cervical_Cancer_Projects/data/NEVADA/PUBL00054345.jpg
25,1118,1118,1118,/sddata/projects/Cervical_Cancer_Projects/data/mobileODT_harvard_masked_images/QLGF-00004901.jpg
26,25581,25581,25581,/sddata/projects/Cervical_Cancer_Projects/data/Itoju_Nigeria_No_DC_Labels/HFLD-00001393.jpg
27,15482,15482,15482,/sddata/projects/Cervical_Cancer_Projects/data/Itoju_Nigeria/HFLD-00011922.jpg
28,59504,59504,59504,/sddata/projects/Cervical_Cancer_Projects/data/PAVE/000014893.jpg
29,59837,59837,59837,/sddata/projects/Cervical_Cancer_Projects/data/PAVE/000010824.jpg
30,52855,52855,52855,/sddata/projects/Cervical_Cancer_Projects/data/PAVE/000018852.jpg
31,17714,17714,17714,/sddata/projects/Cervical_Cancer_Projects/data/SEED/I307499_C1.jpg
32,16954,16954,16954,/sddata/projects/Cervical_Cancer_Projects/data/SEED/I101372_C1.jpg
33,40917,40917,40917,/sddata/projects/Cervical_Cancer_Projects/data/NEVADA/PUBL00046365.jpg
34,51704,51704,51704,/sddata/projects/Cervical_Cancer_Projects/data/PAVE/000002396.jpg
35,59887,59887,59887,/sddata/projects/Cervical_Cancer_Projects/data/PAVE/000019836.jpg
36,66729,66729,66729,/sddata/projects/Cervical_Cancer_Projects/data/PAVE/000014139.jpg
37,39920,39920,39920,/sddata/projects/Cervical_Cancer_Projects/data/NEVADA/PUBL00033953.jpg
38,62944,62944,62944,/sddata/projects/Cervical_Cancer_Projects/data/PAVE/000020325.jpg
39,14619,14619,14619,/sddata/projects/Cervical_Cancer_Projects/data/Itoju_Nigeria/HFLD-00001118.jpg
40,3833,3833,3833,/sddata/projects/Cervical_Cancer_Projects/data/Itoju_Nigeria/HFLD-00002559.jpg
41,12799,12799,12799,/sddata/projects/Cervical_Cancer_Projects/data/Itoju_Nigeria/HFLD-00011827.jpg
42,57674,57674,57674,/sddata/projects/Cervical_Cancer_Projects/data/PAVE/000000960.jpg
43,20834,20834,20834,/sddata/projects/Cervical_Cancer_Projects/data/SEED/I156048_C1.jpg
44,14217,14217,14217,/sddata/projects/Cervical_Cancer_Projects/data/Itoju_Nigeria/HFLD-00003596.jpg
45,24237,24237,24237,/sddata/projects/Cervical_Cancer_Projects/data/Itoju_Nigeria_No_DC_Labels/HFLD-00017430.jpg
46,31579,31579,31579,/sddata/projects/Cervical_Cancer_Projects/data/NEVADA/PUBL00034993.jpg
47,59034,59034,59034,/sddata/projects/Cervical_Cancer_Projects/data/PAVE/000017252.jpg
48,52880,52880,52880,/sddata/projects/Cervical_Cancer_Projects/data/PAVE/000008370.jpg
49,19227,19227,19227,/sddata/projects/Cervical_Cancer_Projects/data/SEED/I417161_C1.jpg
50,20807,20807,20807,/sddata/projects/Cervical_Cancer_Projects/data/SEED/I518957_C2.jpg
51,11527,11527,11527,/sddata/projects/Cervical_Cancer_Projects/data/Itoju_Nigeria/HFLD-00005640.jpg
52,35261,35261,35261,/sddata/projects/Cervical_Cancer_Projects/data/NEVADA/HZBM-00000439.jpg
53,21647,21647,21647,/sddata/projects/Cervical_Cancer_Projects/data/SEED/SBX1970_3.jpg
54,45535,45535,45535,/sddata/projects/Cervical_Cancer_Projects/data/CVT_Low_Qual/I127999_C1.jpg
55,35838,35838,35838,/sddata/projects/Cervical_Cancer_Projects/data/NEVADA/PUBL00008665.jpg
56,50099,50099,50099,/sddata/projects/Cervical_Cancer_Projects/data/PAVE/000019414.jpg
57,31451,31451,31451,/sddata/projects/Cervical_Cancer_Projects/data/NEVADA/WLSH-00000158.jpg
58,19597,19597,19597,/sddata/projects/Cervical_Cancer_Projects/data/SEED/I102306_C1.jpg
59,33861,33861,33861,/sddata/projects/Cervical_Cancer_Projects/data/NEVADA/PUBL00031621.jpg
60,43788,43788,43788,/sddata/projects/Cervical_Cancer_Projects/data/CVT_Low_Qual/I359383_C1.jpg
61,42542,42542,42542,/sddata/projects/Cervical_Cancer_Projects/data/ALTS_NHS_Low_Qual/I356693_C2.jpg
62,18149,18149,18149,/sddata/projects/Cervical_Cancer_Projects/data/SEED/SBX1853_1.jpg
63,19316,19316,19316,/sddata/projects/Cervical_Cancer_Projects/data/SEED/I506771_C2.jpg
64,31865,31865,31865,/sddata/projects/Cervical_Cancer_Projects/data/NEVADA/PUBL00027856.jpg
65,31046,31046,31046,/sddata/projects/Cervical_Cancer_Projects/data/NEVADA/PUBL00022679.jpg
66,12102,12102,12102,/sddata/projects/Cervical_Cancer_Projects/data/Itoju_Nigeria/HFLD-00014106.jpg
67,25740,25740,25740,/sddata/projects/Cervical_Cancer_Projects/data/Itoju_Nigeria_No_DC_Labels/HFLD-00014037.jpg
68,68010,68010,68010,/sddata/projects/Cervical_Cancer_Projects/data/PAVE/000006883.jpg
69,59757,59757,59757,/sddata/projects/Cervical_Cancer_Projects/data/PAVE/000017467.jpg
70,54029,54029,54029,/sddata/projects/Cervical_Cancer_Projects/data/PAVE/000010489.jpg
71,62266,62266,62266,/sddata/projects/Cervical_Cancer_Projects/data/PAVE/000019374.jpg
72,7515,7515,7515,/sddata/projects/Cervical_Cancer_Projects/data/Itoju_Nigeria/HFLD-00006240.jpg
73,29050,29050,29050,/sddata/projects/Cervical_Cancer_Projects/data/NEVADA/PUBL00039309.jpg
74,5579,5579,5579,/sddata/projects/Cervical_Cancer_Projects/data/Itoju_Nigeria/HFLD-00013260.jpg
75,4264,4264,4264,/sddata/projects/Cervical_Cancer_Projects/data/Itoju_Nigeria/HFLD-00016817.jpg
76,23058,23058,23058,/sddata/projects/Cervical_Cancer_Projects/data/SEED/I167288_C2.jpg
77,48343,48343,48343,/sddata/projects/Cervical_Cancer_Projects/data/IRIS_DR/DOM 000013 004.jpeg
78,21837,21837,21837,/sddata/projects/Cervical_Cancer_Projects/data/SEED/I527073_C1.jpg
79,33288,33288,33288,/sddata/projects/Cervical_Cancer_Projects/data/NEVADA/PUBL00015609.jpg
80,46031,46031,46031,/sddata/projects/Cervical_Cancer_Projects/data/CVT_Low_Qual/SBX1297_1.jpg
81,51995,51995,51995,/sddata/projects/Cervical_Cancer_Projects/data/PAVE/000004134.jpg
82,20550,20550,20550,/sddata/projects/Cervical_Cancer_Projects/data/SEED/I348296_C2.jpg
83,63458,63458,63458,/sddata/projects/Cervical_Cancer_Projects/data/PAVE/000002115.jpg
84,24895,24895,24895,/sddata/projects/Cervical_Cancer_Projects/data/Itoju_Nigeria_No_DC_Labels/HFLD-00009116.jpg
85,60007,60007,60007,/sddata/projects/Cervical_Cancer_Projects/data/PAVE/000007166.jpg
86,47617,47617,47617,/sddata/projects/Cervical_Cancer_Projects/data/CVT_Low_Qual/I779381_C1.jpg
87,7441,7441,7441,/sddata/projects/Cervical_Cancer_Projects/data/Itoju_Nigeria/HFLD-00014523.jpg
88,22344,22344,22344,/sddata/projects/Cervical_Cancer_Projects/data/SEED/I479474_C1.jpg
89,57597,57597,57597,/sddata/projects/Cervical_Cancer_Projects/data/PAVE/000006237.jpg
90,21970,21970,21970,/sddata/projects/Cervical_Cancer_Projects/data/SEED/I792386_C1.jpg
91,28422,28422,28422,/sddata/projects/Cervical_Cancer_Projects/data/NEVADA/HZBM-00000088.jpg
92,21372,21372,21372,/sddata/projects/Cervical_Cancer_Projects/data/SEED/I629663_C1.jpg
93,68905,68905,68905,/sddata/projects/Cervical_Cancer_Projects/data/PAVE/000005394.jpg
94,8529,8529,8529,/sddata/projects/Cervical_Cancer_Projects/data/Itoju_Nigeria/HFLD-00017305.jpg
95,444,444,444,/sddata/projects/Cervical_Cancer_Projects/data/mobileODT_harvard_masked_images/QLGF-00001554.jpg
96,17201,17201,17201,/sddata/projects/Cervical_Cancer_Projects/data/SEED/GYFZ-00005593.jpg
97,6627,6627,6627,/sddata/projects/Cervical_Cancer_Projects/data/Itoju_Nigeria/HFLD-00000532.jpg
98,47791,47791,47791,/sddata/projects/Cervical_Cancer_Projects/data/IRIS_cambodia/MSK 000012 008.jpeg
99,48946,48946,48946,/sddata/projects/Cervical_Cancer_Projects/data/IRIS_DR/DOM 000012 008.jpeg
100,30717,30717,30717,/sddata/projects/Cervical_Cancer_Projects/data/NEVADA/PUBL00051662.jpg
101,5013,5013,5013,/sddata/projects/Cervical_Cancer_Projects/data/Itoju_Nigeria/HFLD-00008992.jpg
102,9451,9451,9451,/sddata/projects/Cervical_Cancer_Projects/data/Itoju_Nigeria/HFLD-00005648.jpg
103,23413,23413,23413,/sddata/projects/Cervical_Cancer_Projects/data/Itoju_Nigeria_No_DC_Labels/HFLD-00003246.jpg
104,36579,36579,36579,/sddata/projects/Cervical_Cancer_Projects/data/NEVADA/PUBL00053724.jpg
105,6350,6350,6350,/sddata/projects/Cervical_Cancer_Projects/data/Itoju_Nigeria/HFLD-00005311.jpg
106,6196,6196,6196,/sddata/projects/Cervical_Cancer_Projects/data/Itoju_Nigeria/HFLD-00018056.jpg
107,51577,51577,51577,/sddata/projects/Cervical_Cancer_Projects/data/PAVE/000019802.jpg
108,25211,25211,25211,/sddata/projects/Cervical_Cancer_Projects/data/Itoju_Nigeria_No_DC_Labels/HFLD-00007512.jpg
109,4363,4363,4363,/sddata/projects/Cervical_Cancer_Projects/data/Itoju_Nigeria/HFLD-00016526.jpg
110,36031,36031,36031,/sddata/projects/Cervical_Cancer_Projects/data/NEVADA/WLFP-00000309.jpg
111,27026,27026,27026,/sddata/projects/Cervical_Cancer_Projects/data/NEVADA/PUBL00018674.jpg
112,1805,1805,1805,/sddata/projects/Cervical_Cancer_Projects/data/mobileODT_harvard_masked_images/QLGF-00004766.jpg
113,10925,10925,10925,/sddata/projects/Cervical_Cancer_Projects/data/Itoju_Nigeria/HFLD-00012174.jpg
114,43338,43338,43338,/sddata/projects/Cervical_Cancer_Projects/data/CVT_Low_Qual/I206907_C1.jpg
115,29887,29887,29887,/sddata/projects/Cervical_Cancer_Projects/data/NEVADA/PLYF-00000096.jpg
116,22089,22089,22089,/sddata/projects/Cervical_Cancer_Projects/data/SEED/I205829_C2.jpg
117,33323,33323,33323,/sddata/projects/Cervical_Cancer_Projects/data/NEVADA/PUBL00042202.jpg
118,4472,4472,4472,/sddata/projects/Cervical_Cancer_Projects/data/Itoju_Nigeria/HFLD-00008458.jpg
119,33034,33034,33034,/sddata/projects/Cervical_Cancer_Projects/data/NEVADA/PUBL00007278.jpg
120,54612,54612,54612,/sddata/projects/Cervical_Cancer_Projects/data/PAVE/000020672.jpg
121,46753,46753,46753,/sddata/projects/Cervical_Cancer_Projects/data/CVT_Low_Qual/I440484_C1.jpg
122,24345,24345,24345,/sddata/projects/Cervical_Cancer_Projects/data/Itoju_Nigeria_No_DC_Labels/HFLD-00019026.jpg
123,26345,26345,26345,/sddata/projects/Cervical_Cancer_Projects/data/Itoju_Nigeria_No_DC_Labels/HFLD-00005418.jpg
124,23313,23313,23313,/sddata/projects/Cervical_Cancer_Projects/data/SEED/GYFZ-00005943.jpg
125,13058,13058,13058,/sddata/projects/Cervical_Cancer_Projects/data/Itoju_Nigeria/HFLD-00004158.jpg
126,17479,17479,17479,/sddata/projects/Cervical_Cancer_Projects/data/SEED/SBX2258_2.jpg
127,14948,14948,14948,/sddata/projects/Cervical_Cancer_Projects/data/Itoju_Nigeria/HFLD-00002827.jpg
128,64818,64818,64818,/sddata/projects/Cervical_Cancer_Projects/data/PAVE/000009860.jpg
129,35945,35945,35945,/sddata/projects/Cervical_Cancer_Projects/data/NEVADA/BSPR-00000075.jpg
130,40436,40436,40436,/sddata/projects/Cervical_Cancer_Projects/data/NEVADA/PUBL00009374.jpg
131,61380,61380,61380,/sddata/projects/Cervical_Cancer_Projects/data/PAVE/000011866.jpg
132,29005,29005,29005,/sddata/projects/Cervical_Cancer_Projects/data/NEVADA/WLSH-00000261.jpg
133,67527,67527,67527,/sddata/projects/Cervical_Cancer_Projects/data/PAVE/000010724.jpg
134,16670,16670,16670,/sddata/projects/Cervical_Cancer_Projects/data/Itoju_Nigeria/HFLD-00011760.jpg
135,57053,57053,57053,/sddata/projects/Cervical_Cancer_Projects/data/PAVE/000011035.jpg
136,66609,66609,66609,/sddata/projects/Cervical_Cancer_Projects/data/PAVE/000006890.jpg
137,46909,46909,46909,/sddata/projects/Cervical_Cancer_Projects/data/CVT_Low_Qual/I555584_C1.jpg
138,8042,8042,8042,/sddata/projects/Cervical_Cancer_Projects/data/Itoju_Nigeria/HFLD-00005610.jpg
139,68155,68155,68155,/sddata/projects/Cervical_Cancer_Projects/data/PAVE/000018756.jpg
140,26416,26416,26416,/sddata/projects/Cervical_Cancer_Projects/data/Itoju_Nigeria_No_DC_Labels/HFLD-00008282.jpg
141,15069,15069,15069,/sddata/projects/Cervical_Cancer_Projects/data/Itoju_Nigeria/HFLD-00012328.jpg
142,47446,47446,47446,/sddata/projects/Cervical_Cancer_Projects/data/CVT_Low_Qual/SBX1095_1.jpg
143,15939,15939,15939,/sddata/projects/Cervical_Cancer_Projects/data/Itoju_Nigeria/HFLD-00005078.jpg
144,37286,37286,37286,/sddata/projects/Cervical_Cancer_Projects/data/NEVADA/PUBL00016120.jpg
145,54737,54737,54737,/sddata/projects/Cervical_Cancer_Projects/data/PAVE/000014447.jpg
146,70445,70445,70445,/sddata/projects/Cervical_Cancer_Projects/data/PAVE/000001868.jpg
147,50565,50565,50565,/sddata/projects/Cervical_Cancer_Projects/data/PAVE/000005084.jpg
148,67292,67292,67292,/sddata/projects/Cervical_Cancer_Projects/data/PAVE/000001379.jpg
149,71263,71263,71263,/sddata/projects/Cervical_Cancer_Projects/data/PAVE/000013240.jpg
150,51242,51242,51242,/sddata/projects/Cervical_Cancer_Projects/data/PAVE/000004481.jpg
151,4129,4129,4129,/sddata/projects/Cervical_Cancer_Projects/data/Itoju_Nigeria/HFLD-00002112.jpg
152,24961,24961,24961,/sddata/projects/Cervical_Cancer_Projects/data/Itoju_Nigeria_No_DC_Labels/HFLD-00011841.jpg
153,65317,65317,65317,/sddata/projects/Cervical_Cancer_Projects/data/PAVE/000017310.jpg
154,54836,54836,54836,/sddata/projects/Cervical_Cancer_Projects/data/PAVE/000008495.jpg
155,8788,8788,8788,/sddata/projects/Cervical_Cancer_Projects/data/Itoju_Nigeria/HFLD-00002105.jpg
156,34115,34115,34115,/sddata/projects/Cervical_Cancer_Projects/data/NEVADA/PUBL00022035.jpg
157,14921,14921,14921,/sddata/projects/Cervical_Cancer_Projects/data/Itoju_Nigeria/HFLD-00011299.jpg
158,27622,27622,27622,/sddata/projects/Cervical_Cancer_Projects/data/NEVADA/ZRQB-00000083.jpg
159,67878,67878,67878,/sddata/projects/Cervical_Cancer_Projects/data/PAVE/000006114.jpg
160,33020,33020,33020,/sddata/projects/Cervical_Cancer_Projects/data/NEVADA/PUBL00027113.jpg
161,24470,24470,24470,/sddata/projects/Cervical_Cancer_Projects/data/Itoju_Nigeria_No_DC_Labels/HFLD-00001907.jpg
162,14938,14938,14938,/sddata/projects/Cervical_Cancer_Projects/data/Itoju_Nigeria/HFLD-00002202.jpg
163,27753,27753,27753,/sddata/projects/Cervical_Cancer_Projects/data/NEVADA/PUBL00031821.jpg
164,34585,34585,34585,/sddata/projects/Cervical_Cancer_Projects/data/NEVADA/PUBL00004997.jpg
165,34210,34210,34210,/sddata/projects/Cervical_Cancer_Projects/data/NEVADA/PUBL00024473.jpg
166,46055,46055,46055,/sddata/projects/Cervical_Cancer_Projects/data/CVT_Low_Qual/I418553_C1.jpg
167,59802,59802,59802,/sddata/projects/Cervical_Cancer_Projects/data/PAVE/000009802.jpg
168,17853,17853,17853,/sddata/projects/Cervical_Cancer_Projects/data/SEED/I510518_C2.jpg
169,27665,27665,27665,/sddata/projects/Cervical_Cancer_Projects/data/NEVADA/PUBL00012153.jpg
170,39881,39881,39881,/sddata/projects/Cervical_Cancer_Projects/data/NEVADA/PUBL00041001.jpg
171,23336,23336,23336,/sddata/projects/Cervical_Cancer_Projects/data/SEED/I147688_C2.jpg
172,39864,39864,39864,/sddata/projects/Cervical_Cancer_Projects/data/NEVADA/PUBL00032356.jpg
173,67636,67636,67636,/sddata/projects/Cervical_Cancer_Projects/data/PAVE/000001377.jpg
174,5952,5952,5952,/sddata/projects/Cervical_Cancer_Projects/data/Itoju_Nigeria/HFLD-00014993.jpg
175,32943,32943,32943,/sddata/projects/Cervical_Cancer_Projects/data/NEVADA/PUBL00038157.jpg
176,39607,39607,39607,/sddata/projects/Cervical_Cancer_Projects/data/NEVADA/PUBL00051428.jpg
177,59273,59273,59273,/sddata/projects/Cervical_Cancer_Projects/data/PAVE/000017565.jpg
178,50221,50221,50221,/sddata/projects/Cervical_Cancer_Projects/data/PAVE/000020243.jpg
179,60775,60775,60775,/sddata/projects/Cervical_Cancer_Projects/data/PAVE/000015222.jpg
180,3886,3886,3886,/sddata/projects/Cervical_Cancer_Projects/data/Itoju_Nigeria/HFLD-00014577.jpg
181,30534,30534,30534,/sddata/projects/Cervical_Cancer_Projects/data/NEVADA/PUBL00047791.jpg
182,36105,36105,36105,/sddata/projects/Cervical_Cancer_Projects/data/NEVADA/PUBL00021691.jpg
183,6692,6692,6692,/sddata/projects/Cervical_Cancer_Projects/data/Itoju_Nigeria/HFLD-00015758.jpg
184,42198,42198,42198,/sddata/projects/Cervical_Cancer_Projects/data/NEVADA/WLFP-00000477.jpg
185,21794,21794,21794,/sddata/projects/Cervical_Cancer_Projects/data/SEED/I334580_C2.jpg
186,17756,17756,17756,/sddata/projects/Cervical_Cancer_Projects/data/SEED/I210697_C1.jpg
187,20718,20718,20718,/sddata/projects/Cervical_Cancer_Projects/data/SEED/I211180_C2.jpg
188,18380,18380,18380,/sddata/projects/Cervical_Cancer_Projects/data/SEED/I842391_C1.jpg
189,17687,17687,17687,/sddata/projects/Cervical_Cancer_Projects/data/SEED/I150786_C2.jpg
190,49468,49468,49468,/sddata/projects/Cervical_Cancer_Projects/data/Itoju_Nigeria_No_Qual_Labels/HFLD-00006631.jpg
191,25140,25140,25140,/sddata/projects/Cervical_Cancer_Projects/data/Itoju_Nigeria_No_DC_Labels/HFLD-00009221.jpg
192,64045,64045,64045,/sddata/projects/Cervical_Cancer_Projects/data/PAVE/000010063.jpg
193,18305,18305,18305,/sddata/projects/Cervical_Cancer_Projects/data/SEED/I197264_C2.jpg
194,65478,65478,65478,/sddata/projects/Cervical_Cancer_Projects/data/PAVE/000002808.jpg
195,7481,7481,7481,/sddata/projects/Cervical_Cancer_Projects/data/Itoju_Nigeria/HFLD-00001111.jpg
196,54389,54389,54389,/sddata/projects/Cervical_Cancer_Projects/data/PAVE/000001444.jpg
197,39984,39984,39984,/sddata/projects/Cervical_Cancer_Projects/data/NEVADA/PUBL00026926.jpg
198,28126,28126,28126,/sddata/projects/Cervical_Cancer_Projects/data/NEVADA/PUBL00002399.jpg
199,28319,28319,28319,/sddata/projects/Cervical_Cancer_Projects/data/NEVADA/PUBL00033769.jpg
200,31837,31837,31837,/sddata/projects/Cervical_Cancer_Projects/data/NEVADA/PUBL00049546.jpg
201,70188,70188,70188,/sddata/projects/Cervical_Cancer_Projects/data/PAVE/000008950.jpg
202,18140,18140,18140,/sddata/projects/Cervical_Cancer_Projects/data/SEED/I836218_C1.jpg
203,23314,23314,23314,/sddata/projects/Cervical_Cancer_Projects/data/SEED/I253978_C1.jpg
204,69706,69706,69706,/sddata/projects/Cervical_Cancer_Projects/data/PAVE/000003709.jpg
205,49925,49925,49925,/sddata/projects/Cervical_Cancer_Projects/data/remaining_84_images_without_information/HFLD-00009968.jpg
206,41250,41250,41250,/sddata/projects/Cervical_Cancer_Projects/data/NEVADA/WLFP-00000630.jpg
207,58907,58907,58907,/sddata/projects/Cervical_Cancer_Projects/data/PAVE/000002504.jpg
208,36385,36385,36385,/sddata/projects/Cervical_Cancer_Projects/data/NEVADA/PUBL00046976.jpg
209,11189,11189,11189,/sddata/projects/Cervical_Cancer_Projects/data/Itoju_Nigeria/HFLD-00001892.jpg
210,65533,65533,65533,/sddata/projects/Cervical_Cancer_Projects/data/PAVE/000015929.jpg
211,70797,70797,70797,/sddata/projects/Cervical_Cancer_Projects/data/PAVE/000003409.jpg
212,40851,40851,40851,/sddata/projects/Cervical_Cancer_Projects/data/NEVADA/WLSH-00000339.jpg
213,65245,65245,65245,/sddata/projects/Cervical_Cancer_Projects/data/PAVE/000017908.jpg
214,26305,26305,26305,/sddata/projects/Cervical_Cancer_Projects/data/Itoju_Nigeria_No_DC_Labels/HFLD-00003563.jpg
215,51988,51988,51988,/sddata/projects/Cervical_Cancer_Projects/data/PAVE/000014376.jpg
216,8277,8277,8277,/sddata/projects/Cervical_Cancer_Projects/data/Itoju_Nigeria/HFLD-00000854.jpg
217,21769,21769,21769,/sddata/projects/Cervical_Cancer_Projects/data/SEED/I196688_C2.jpg
218,17643,17643,17643,/sddata/projects/Cervical_Cancer_Projects/data/SEED/GYFZ-00005411.jpg
219,22269,22269,22269,/sddata/projects/Cervical_Cancer_Projects/data/SEED/I400361_C1.jpg
220,59719,59719,59719,/sddata/projects/Cervical_Cancer_Projects/data/PAVE/000017096.jpg
221,20933,20933,20933,/sddata/projects/Cervical_Cancer_Projects/data/SEED/I721911_C2.jpg
222,67920,67920,67920,/sddata/projects/Cervical_Cancer_Projects/data/PAVE/000016016.jpg
223,45755,45755,45755,/sddata/projects/Cervical_Cancer_Projects/data/CVT_Low_Qual/I321611_C1.jpg
224,1491,1491,1491,/sddata/projects/Cervical_Cancer_Projects/data/mobileODT_harvard_masked_images/QLGF-00003032.jpg
225,34105,34105,34105,/sddata/projects/Cervical_Cancer_Projects/data/NEVADA/PUBL00006042.jpg
226,41638,41638,41638,/sddata/projects/Cervical_Cancer_Projects/data/NEVADA/WLSH-00000171.jpg
227,37385,37385,37385,/sddata/projects/Cervical_Cancer_Projects/data/NEVADA/PUBL00004636.jpg
228,19599,19599,19599,/sddata/projects/Cervical_Cancer_Projects/data/SEED/I219591_C2.jpg
229,46599,46599,46599,/sddata/projects/Cervical_Cancer_Projects/data/CVT_Low_Qual/I161609_C1.jpg
230,46708,46708,46708,/sddata/projects/Cervical_Cancer_Projects/data/CVT_Low_Qual/SBX2048_1.jpg
231,14777,14777,14777,/sddata/projects/Cervical_Cancer_Projects/data/Itoju_Nigeria/HFLD-00018253.jpg
232,49803,49803,49803,/sddata/projects/Cervical_Cancer_Projects/data/Itoju_Nigeria_No_Qual_Labels/HFLD-00010619.jpg
233,33134,33134,33134,/sddata/projects/Cervical_Cancer_Projects/data/NEVADA/JBKV-00000428.jpg
234,31834,31834,31834,/sddata/projects/Cervical_Cancer_Projects/data/NEVADA/PUBL00019299.jpg
235,29614,29614,29614,/sddata/projects/Cervical_Cancer_Projects/data/NEVADA/PUBL00019070.jpg
236,27059,27059,27059,/sddata/projects/Cervical_Cancer_Projects/data/NEVADA/PUBL00054524.jpg
237,14529,14529,14529,/sddata/projects/Cervical_Cancer_Projects/data/Itoju_Nigeria/HFLD-00009726.jpg
238,37758,37758,37758,/sddata/projects/Cervical_Cancer_Projects/data/NEVADA/PUBL00044701.jpg
239,50496,50496,50496,/sddata/projects/Cervical_Cancer_Projects/data/PAVE/000002650.jpg
240,5718,5718,5718,/sddata/projects/Cervical_Cancer_Projects/data/Itoju_Nigeria/HFLD-00014285.jpg
241,54865,54865,54865,/sddata/projects/Cervical_Cancer_Projects/data/PAVE/000013658.jpg
242,8952,8952,8952,/sddata/projects/Cervical_Cancer_Projects/data/Itoju_Nigeria/HFLD-00011510.jpg
243,4449,4449,4449,/sddata/projects/Cervical_Cancer_Projects/data/Itoju_Nigeria/HFLD-00010392.jpg
244,27643,27643,27643,/sddata/projects/Cervical_Cancer_Projects/data/NEVADA/PUBL00041378.jpg
245,39495,39495,39495,/sddata/projects/Cervical_Cancer_Projects/data/NEVADA/PUBL00054854.jpg
246,36647,36647,36647,/sddata/projects/Cervical_Cancer_Projects/data/NEVADA/PUBL00023757.jpg
247,47627,47627,47627,/sddata/projects/Cervical_Cancer_Projects/data/CVT_Low_Qual/SBX1858_1.jpg
248,52000,52000,52000,/sddata/projects/Cervical_Cancer_Projects/data/PAVE/000015738.jpg
249,18929,18929,18929,/sddata/projects/Cervical_Cancer_Projects/data/SEED/I327991_C1.jpg
250,43512,43512,43512,/sddata/projects/Cervical_Cancer_Projects/data/CVT_Low_Qual/I893471_C1.jpg
251,20290,20290,20290,/sddata/projects/Cervical_Cancer_Projects/data/SEED/I268192_C1.jpg
252,12035,12035,12035,/sddata/projects/Cervical_Cancer_Projects/data/Itoju_Nigeria/HFLD-00014132.jpg
253,35997,35997,35997,/sddata/projects/Cervical_Cancer_Projects/data/NEVADA/PUBL00022548.jpg
254,21546,21546,21546,/sddata/projects/Cervical_Cancer_Projects/data/SEED/I404763_C1.jpg
255,71063,71063,71063,/sddata/projects/Cervical_Cancer_Projects/data/PAVE/000006289.jpg
256,67850,67850,67850,/sddata/projects/Cervical_Cancer_Projects/data/PAVE/000018555.jpg
257,56046,56046,56046,/sddata/projects/Cervical_Cancer_Projects/data/PAVE/000019748.jpg
258,7255,7255,7255,/sddata/projects/Cervical_Cancer_Projects/data/Itoju_Nigeria/HFLD-00009103.jpg
259,57665,57665,57665,/sddata/projects/Cervical_Cancer_Projects/data/PAVE/000002590.jpg
260,34449,34449,34449,/sddata/projects/Cervical_Cancer_Projects/data/NEVADA/JBKV-00000214.jpg
261,21998,21998,21998,/sddata/projects/Cervical_Cancer_Projects/data/SEED/I691166_C1.jpg
262,45780,45780,45780,/sddata/projects/Cervical_Cancer_Projects/data/CVT_Low_Qual/SBX1223_1.jpg
263,46361,46361,46361,/sddata/projects/Cervical_Cancer_Projects/data/CVT_Low_Qual/I271972_C1.jpg
264,39929,39929,39929,/sddata/projects/Cervical_Cancer_Projects/data/NEVADA/PUBL00034674.jpg
265,55081,55081,55081,/sddata/projects/Cervical_Cancer_Projects/data/PAVE/000003020.jpg
266,47331,47331,47331,/sddata/projects/Cervical_Cancer_Projects/data/CVT_Low_Qual/SBX1176_1.jpg
267,67937,67937,67937,/sddata/projects/Cervical_Cancer_Projects/data/PAVE/000009477.jpg
268,59286,59286,59286,/sddata/projects/Cervical_Cancer_Projects/data/PAVE/000012654.jpg
269,65320,65320,65320,/sddata/projects/Cervical_Cancer_Projects/data/PAVE/000004707.jpg
270,50655,50655,50655,/sddata/projects/Cervical_Cancer_Projects/data/PAVE/000006244.jpg
271,32234,32234,32234,/sddata/projects/Cervical_Cancer_Projects/data/NEVADA/PUBL00012239.jpg
272,8420,8420,8420,/sddata/projects/Cervical_Cancer_Projects/data/Itoju_Nigeria/HFLD-00007039.jpg
273,69573,69573,69573,/sddata/projects/Cervical_Cancer_Projects/data/PAVE/000009442.jpg
274,36783,36783,36783,/sddata/projects/Cervical_Cancer_Projects/data/NEVADA/WLSH-00000429.jpg
275,6399,6399,6399,/sddata/projects/Cervical_Cancer_Projects/data/Itoju_Nigeria/HFLD-00015308.jpg
276,19767,19767,19767,/sddata/projects/Cervical_Cancer_Projects/data/SEED/I257802_C1.jpg
277,5923,5923,5923,/sddata/projects/Cervical_Cancer_Projects/data/Itoju_Nigeria/HFLD-00009938.jpg
278,24008,24008,24008,/sddata/projects/Cervical_Cancer_Projects/data/Itoju_Nigeria_No_DC_Labels/HFLD-00002307.jpg
279,37791,37791,37791,/sddata/projects/Cervical_Cancer_Projects/data/NEVADA/WLFP-00001255.jpg
280,58186,58186,58186,/sddata/projects/Cervical_Cancer_Projects/data/PAVE/000013904.jpg
281,42754,42754,42754,/sddata/projects/Cervical_Cancer_Projects/data/ALTS_NHS_Low_Qual/I599168_C1.jpg
282,14339,14339,14339,/sddata/projects/Cervical_Cancer_Projects/data/Itoju_Nigeria/HFLD-00001538.jpg
283,18571,18571,18571,/sddata/projects/Cervical_Cancer_Projects/data/SEED/I244710_C2.jpg
284,32354,32354,32354,/sddata/projects/Cervical_Cancer_Projects/data/NEVADA/BSPR-00000036.jpg
285,61362,61362,61362,/sddata/projects/Cervical_Cancer_Projects/data/PAVE/000009562.jpg
286,61417,61417,61417,/sddata/projects/Cervical_Cancer_Projects/data/PAVE/MSK 000031 023.jpeg
287,12950,12950,12950,/sddata/projects/Cervical_Cancer_Projects/data/Itoju_Nigeria/HFLD-00010453.jpg
288,66266,66266,66266,/sddata/projects/Cervical_Cancer_Projects/data/PAVE/000013838.jpg
289,37985,37985,37985,/sddata/projects/Cervical_Cancer_Projects/data/NEVADA/PUBL00011846.jpg
290,1035,1035,1035,/sddata/projects/Cervical_Cancer_Projects/data/mobileODT_harvard_masked_images/QLGF-00001089.jpg
291,3767,3767,3767,/sddata/projects/Cervical_Cancer_Projects/data/Itoju_Nigeria/HFLD-00012566.jpg
292,65492,65492,65492,/sddata/projects/Cervical_Cancer_Projects/data/PAVE/000006269.jpg
293,5986,5986,5986,/sddata/projects/Cervical_Cancer_Projects/data/Itoju_Nigeria/HFLD-00005192.jpg
294,6348,6348,6348,/sddata/projects/Cervical_Cancer_Projects/data/Itoju_Nigeria/HFLD-00004606.jpg
295,27978,27978,27978,/sddata/projects/Cervical_Cancer_Projects/data/NEVADA/PUBL00005978.jpg
296,46952,46952,46952,/sddata/projects/Cervical_Cancer_Projects/data/CVT_Low_Qual/SBX1916_1.jpg
297,1253,1253,1253,/sddata/projects/Cervical_Cancer_Projects/data/mobileODT_harvard_masked_images/QLGF-00003311.jpg
298,55672,55672,55672,/sddata/projects/Cervical_Cancer_Projects/data/PAVE/MSK 000028 006.jpeg
299,4800,4800,4800,/sddata/projects/Cervical_Cancer_Projects/data/Itoju_Nigeria/HFLD-00006207.jpg
300,70633,70633,70633,/sddata/projects/Cervical_Cancer_Projects/data/PAVE/000017798.jpg
301,31995,31995,31995,/sddata/projects/Cervical_Cancer_Projects/data/NEVADA/PUBL00019680.jpg
302,59452,59452,59452,/sddata/projects/Cervical_Cancer_Projects/data/PAVE/000015345.jpg
303,37521,37521,37521,/sddata/projects/Cervical_Cancer_Projects/data/NEVADA/PUBL00049590.jpg
304,13190,13190,13190,/sddata/projects/Cervical_Cancer_Projects/data/Itoju_Nigeria/HFLD-00014848.jpg
305,43544,43544,43544,/sddata/projects/Cervical_Cancer_Projects/data/CVT_Low_Qual/I565145_C1.jpg
306,7290,7290,7290,/sddata/projects/Cervical_Cancer_Projects/data/Itoju_Nigeria/HFLD-00011769.jpg
307,32296,32296,32296,/sddata/projects/Cervical_Cancer_Projects/data/NEVADA/PUBL00000872.jpg
308,6409,6409,6409,/sddata/projects/Cervical_Cancer_Projects/data/Itoju_Nigeria/HFLD-00001201.jpg
309,29384,29384,29384,/sddata/projects/Cervical_Cancer_Projects/data/NEVADA/PUBL00043050.jpg
310,39216,39216,39216,/sddata/projects/Cervical_Cancer_Projects/data/NEVADA/PUBL00010467.jpg
311,7730,7730,7730,/sddata/projects/Cervical_Cancer_Projects/data/Itoju_Nigeria/HFLD-00012169.jpg
312,39392,39392,39392,/sddata/projects/Cervical_Cancer_Projects/data/NEVADA/PUBL00027857.jpg
313,22909,22909,22909,/sddata/projects/Cervical_Cancer_Projects/data/SEED/I588624_C2.jpg
314,39806,39806,39806,/sddata/projects/Cervical_Cancer_Projects/data/NEVADA/PUBL00048866.jpg
315,42420,42420,42420,/sddata/projects/Cervical_Cancer_Projects/data/ALTS_NHS_Low_Qual/I327912_C2.jpg
316,55136,55136,55136,/sddata/projects/Cervical_Cancer_Projects/data/PAVE/000005673.jpg
317,21631,21631,21631,/sddata/projects/Cervical_Cancer_Projects/data/SEED/I371660_C2.jpg
318,69582,69582,69582,/sddata/projects/Cervical_Cancer_Projects/data/PAVE/000020842.jpg
319,54946,54946,54946,/sddata/projects/Cervical_Cancer_Projects/data/PAVE/000007420.jpg
320,66352,66352,66352,/sddata/projects/Cervical_Cancer_Projects/data/PAVE/000017631.jpg
321,32979,32979,32979,/sddata/projects/Cervical_Cancer_Projects/data/NEVADA/PUBL00027561.jpg
322,48181,48181,48181,/sddata/projects/Cervical_Cancer_Projects/data/IRIS_cambodia/MSK 000058 002.jpg
323,10852,10852,10852,/sddata/projects/Cervical_Cancer_Projects/data/Itoju_Nigeria/HFLD-00012434.jpg
324,12162,12162,12162,/sddata/projects/Cervical_Cancer_Projects/data/Itoju_Nigeria/HFLD-00005964.jpg
325,15681,15681,15681,/sddata/projects/Cervical_Cancer_Projects/data/Itoju_Nigeria/HFLD-00018670.jpg
326,61224,61224,61224,/sddata/projects/Cervical_Cancer_Projects/data/PAVE/000020039.jpg
327,25203,25203,25203,/sddata/projects/Cervical_Cancer_Projects/data/Itoju_Nigeria_No_DC_Labels/HFLD-00003408.jpg
328,42266,42266,42266,/sddata/projects/Cervical_Cancer_Projects/data/NEVADA/PUBL00032983.jpg
329,12110,12110,12110,/sddata/projects/Cervical_Cancer_Projects/data/Itoju_Nigeria/HFLD-00017067.jpg
330,12088,12088,12088,/sddata/projects/Cervical_Cancer_Projects/data/Itoju_Nigeria/HFLD-00009680.jpg
331,38293,38293,38293,/sddata/projects/Cervical_Cancer_Projects/data/NEVADA/PUBL00054728.jpg
332,46288,46288,46288,/sddata/projects/Cervical_Cancer_Projects/data/CVT_Low_Qual/I426220_C2.jpg
333,43278,43278,43278,/sddata/projects/Cervical_Cancer_Projects/data/ALTS_NHS_Low_Qual/I749237_C2.jpg
334,29293,29293,29293,/sddata/projects/Cervical_Cancer_Projects/data/NEVADA/WLFP-00002375.jpg
335,46108,46108,46108,/sddata/projects/Cervical_Cancer_Projects/data/CVT_Low_Qual/SBX1163_3.jpg
336,48960,48960,48960,/sddata/projects/Cervical_Cancer_Projects/data/IRIS_DR/DOM 000015 002.jpeg
337,57519,57519,57519,/sddata/projects/Cervical_Cancer_Projects/data/PAVE/000020330.jpg
338,29221,29221,29221,/sddata/projects/Cervical_Cancer_Projects/data/NEVADA/PUBL00008285.jpg
339,17860,17860,17860,/sddata/projects/Cervical_Cancer_Projects/data/SEED/I479364_C1.jpg
340,9853,9853,9853,/sddata/projects/Cervical_Cancer_Projects/data/Itoju_Nigeria/HFLD-00008382.jpg
341,17382,17382,17382,/sddata/projects/Cervical_Cancer_Projects/data/SEED/GYFZ-00001643.jpg
342,64811,64811,64811,/sddata/projects/Cervical_Cancer_Projects/data/PAVE/000009431.jpg
343,42905,42905,42905,/sddata/projects/Cervical_Cancer_Projects/data/ALTS_NHS_Low_Qual/I262983_C2.jpg
344,61633,61633,61633,/sddata/projects/Cervical_Cancer_Projects/data/PAVE/000021123.jpg
345,49023,49023,49023,/sddata/projects/Cervical_Cancer_Projects/data/IRIS_DR/DOM 000038 011.jpeg
346,55335,55335,55335,/sddata/projects/Cervical_Cancer_Projects/data/PAVE/000018359.jpg
347,32186,32186,32186,/sddata/projects/Cervical_Cancer_Projects/data/NEVADA/WLFP-00003259.jpg
348,43089,43089,43089,/sddata/projects/Cervical_Cancer_Projects/data/ALTS_NHS_Low_Qual/I519536_C2.jpg
349,66147,66147,66147,/sddata/projects/Cervical_Cancer_Projects/data/PAVE/000020143.jpg
350,54959,54959,54959,/sddata/projects/Cervical_Cancer_Projects/data/PAVE/000011888.jpg
351,9128,9128,9128,/sddata/projects/Cervical_Cancer_Projects/data/Itoju_Nigeria/HFLD-00011623.jpg
352,70435,70435,70435,/sddata/projects/Cervical_Cancer_Projects/data/PAVE/000019060.jpg
353,11538,11538,11538,/sddata/projects/Cervical_Cancer_Projects/data/Itoju_Nigeria/HFLD-00009944.jpg
354,484,484,484,/sddata/projects/Cervical_Cancer_Projects/data/mobileODT_harvard_masked_images/QLGF-00003322.jpg
355,56769,56769,56769,/sddata/projects/Cervical_Cancer_Projects/data/PAVE/000001886.jpg
356,1230,1230,1230,/sddata/projects/Cervical_Cancer_Projects/data/mobileODT_harvard_masked_images/QLGF-00005565.jpg
357,20865,20865,20865,/sddata/projects/Cervical_Cancer_Projects/data/SEED/GYFZ-00001916.jpg
358,8683,8683,8683,/sddata/projects/Cervical_Cancer_Projects/data/Itoju_Nigeria/HFLD-00018251.jpg
359,42783,42783,42783,/sddata/projects/Cervical_Cancer_Projects/data/ALTS_NHS_Low_Qual/I565988_C2.jpg
360,1574,1574,1574,/sddata/projects/Cervical_Cancer_Projects/data/mobileODT_harvard_masked_images/QLGF-00001464.jpg
361,9248,9248,9248,/sddata/projects/Cervical_Cancer_Projects/data/Itoju_Nigeria/HFLD-00013674.jpg
362,56427,56427,56427,/sddata/projects/Cervical_Cancer_Projects/data/PAVE/000009318.jpg
363,43268,43268,43268,/sddata/projects/Cervical_Cancer_Projects/data/ALTS_NHS_Low_Qual/I152566_C2.jpg
364,39923,39923,39923,/sddata/projects/Cervical_Cancer_Projects/data/NEVADA/PUBL00045735.jpg
365,62813,62813,62813,/sddata/projects/Cervical_Cancer_Projects/data/PAVE/000007807.jpg
366,21790,21790,21790,/sddata/projects/Cervical_Cancer_Projects/data/SEED/I802867_C1.jpg
367,32321,32321,32321,/sddata/projects/Cervical_Cancer_Projects/data/NEVADA/PUBL00052280.jpg
368,37171,37171,37171,/sddata/projects/Cervical_Cancer_Projects/data/NEVADA/PUBL00017441.jpg
369,48031,48031,48031,/sddata/projects/Cervical_Cancer_Projects/data/IRIS_cambodia/MSK 000044 003.jpg
370,8525,8525,8525,/sddata/projects/Cervical_Cancer_Projects/data/Itoju_Nigeria/HFLD-00018870.jpg
371,31964,31964,31964,/sddata/projects/Cervical_Cancer_Projects/data/NEVADA/PUBL00022238.jpg
372,35806,35806,35806,/sddata/projects/Cervical_Cancer_Projects/data/NEVADA/PUBL00042517.jpg
373,43213,43213,43213,/sddata/projects/Cervical_Cancer_Projects/data/ALTS_NHS_Low_Qual/I112967_C1.jpg
374,12824,12824,12824,/sddata/projects/Cervical_Cancer_Projects/data/Itoju_Nigeria/HFLD-00006395.jpg
375,12514,12514,12514,/sddata/projects/Cervical_Cancer_Projects/data/Itoju_Nigeria/HFLD-00016900.jpg
376,53258,53258,53258,/sddata/projects/Cervical_Cancer_Projects/data/PAVE/000016555.jpg
377,53047,53047,53047,/sddata/projects/Cervical_Cancer_Projects/data/PAVE/000004156.jpg
378,65411,65411,65411,/sddata/projects/Cervical_Cancer_Projects/data/PAVE/000020502.jpg
379,24344,24344,24344,/sddata/projects/Cervical_Cancer_Projects/data/Itoju_Nigeria_No_DC_Labels/HFLD-00012405.jpg
380,22902,22902,22902,/sddata/projects/Cervical_Cancer_Projects/data/SEED/I551245_C1.jpg
381,21619,21619,21619,/sddata/projects/Cervical_Cancer_Projects/data/SEED/I178842_C2.jpg
382,27093,27093,27093,/sddata/projects/Cervical_Cancer_Projects/data/NEVADA/PUBL00051742.jpg
383,54566,54566,54566,/sddata/projects/Cervical_Cancer_Projects/data/PAVE/000018967.jpg
384,27193,27193,27193,/sddata/projects/Cervical_Cancer_Projects/data/NEVADA/PUBL00022517.jpg
385,47866,47866,47866,/sddata/projects/Cervical_Cancer_Projects/data/IRIS_cambodia/MSK 000016 006.jpeg
386,7479,7479,7479,/sddata/projects/Cervical_Cancer_Projects/data/Itoju_Nigeria/HFLD-00004289.jpg
387,53011,53011,53011,/sddata/projects/Cervical_Cancer_Projects/data/PAVE/000020923.jpg
388,64204,64204,64204,/sddata/projects/Cervical_Cancer_Projects/data/PAVE/000020766.jpg
389,29270,29270,29270,/sddata/projects/Cervical_Cancer_Projects/data/NEVADA/WLFP-00001323.jpg
390,34195,34195,34195,/sddata/projects/Cervical_Cancer_Projects/data/NEVADA/PUBL00012652.jpg
391,39892,39892,39892,/sddata/projects/Cervical_Cancer_Projects/data/NEVADA/PUBL00004757.jpg
392,17817,17817,17817,/sddata/projects/Cervical_Cancer_Projects/data/SEED/GYFZ-00005208.jpg
393,2638,2638,2638,/sddata/projects/Cervical_Cancer_Projects/data/Itoju_Nigeria/HFLD-00010764.jpg
394,64512,64512,64512,/sddata/projects/Cervical_Cancer_Projects/data/PAVE/000002708.jpg
395,41021,41021,41021,/sddata/projects/Cervical_Cancer_Projects/data/NEVADA/PUBL00006424.jpg
396,1422,1422,1422,/sddata/projects/Cervical_Cancer_Projects/data/mobileODT_harvard_masked_images/QLGF-00002289.jpg
397,45196,45196,45196,/sddata/projects/Cervical_Cancer_Projects/data/CVT_Low_Qual/I107239_C1.jpg
398,21538,21538,21538,/sddata/projects/Cervical_Cancer_Projects/data/SEED/I156309_C2.jpg
399,7149,7149,7149,/sddata/projects/Cervical_Cancer_Projects/data/Itoju_Nigeria/HFLD-00001128.jpg
400,2885,2885,2885,/sddata/projects/Cervical_Cancer_Projects/data/Itoju_Nigeria/HFLD-00012048.jpg
401,62094,62094,62094,/sddata/projects/Cervical_Cancer_Projects/data/PAVE/000004596.jpg
402,4411,4411,4411,/sddata/projects/Cervical_Cancer_Projects/data/Itoju_Nigeria/HFLD-00018430.jpg
403,63426,63426,63426,/sddata/projects/Cervical_Cancer_Projects/data/PAVE/000006791.jpg
404,54142,54142,54142,/sddata/projects/Cervical_Cancer_Projects/data/PAVE/000001015.jpg
405,56229,56229,56229,/sddata/projects/Cervical_Cancer_Projects/data/PAVE/CAM 000068 005.jpg
406,46342,46342,46342,/sddata/projects/Cervical_Cancer_Projects/data/CVT_Low_Qual/I428890_C1.jpg
407,8306,8306,8306,/sddata/projects/Cervical_Cancer_Projects/data/Itoju_Nigeria/HFLD-00009050.jpg
408,19487,19487,19487,/sddata/projects/Cervical_Cancer_Projects/data/SEED/I308871_C2.jpg
409,8742,8742,8742,/sddata/projects/Cervical_Cancer_Projects/data/Itoju_Nigeria/HFLD-00000412.jpg
410,28248,28248,28248,/sddata/projects/Cervical_Cancer_Projects/data/NEVADA/HZBM-00000430.jpg
411,11307,11307,11307,/sddata/projects/Cervical_Cancer_Projects/data/Itoju_Nigeria/HFLD-00004211.jpg
412,12520,12520,12520,/sddata/projects/Cervical_Cancer_Projects/data/Itoju_Nigeria/HFLD-00008227.jpg
413,28970,28970,28970,/sddata/projects/Cervical_Cancer_Projects/data/NEVADA/PUBL00003028.jpg
414,60413,60413,60413,/sddata/projects/Cervical_Cancer_Projects/data/PAVE/000012083.jpg
415,29710,29710,29710,/sddata/projects/Cervical_Cancer_Projects/data/NEVADA/PUBL00040421.jpg
416,29899,29899,29899,/sddata/projects/Cervical_Cancer_Projects/data/NEVADA/PUBL00015647.jpg
417,40692,40692,40692,/sddata/projects/Cervical_Cancer_Projects/data/NEVADA/PUBL00009830.jpg
418,51060,51060,51060,/sddata/projects/Cervical_Cancer_Projects/data/PAVE/000005932.jpg
419,64917,64917,64917,/sddata/projects/Cervical_Cancer_Projects/data/PAVE/000014420.jpg
420,60021,60021,60021,/sddata/projects/Cervical_Cancer_Projects/data/PAVE/000010910.jpg
421,67194,67194,67194,/sddata/projects/Cervical_Cancer_Projects/data/PAVE/DOM 000078 010.jpg
422,37613,37613,37613,/sddata/projects/Cervical_Cancer_Projects/data/NEVADA/PUBL00046306.jpg
423,63157,63157,63157,/sddata/projects/Cervical_Cancer_Projects/data/PAVE/000007051.jpg
424,64829,64829,64829,/sddata/projects/Cervical_Cancer_Projects/data/PAVE/000019452.jpg
425,30715,30715,30715,/sddata/projects/Cervical_Cancer_Projects/data/NEVADA/WLFP-00002736.jpg
426,4543,4543,4543,/sddata/projects/Cervical_Cancer_Projects/data/Itoju_Nigeria/HFLD-00005583.jpg
427,62994,62994,62994,/sddata/projects/Cervical_Cancer_Projects/data/PAVE/000017371.jpg
428,29154,29154,29154,/sddata/projects/Cervical_Cancer_Projects/data/NEVADA/WLFP-00000796.jpg
429,7411,7411,7411,/sddata/projects/Cervical_Cancer_Projects/data/Itoju_Nigeria/HFLD-00001852.jpg
430,30725,30725,30725,/sddata/projects/Cervical_Cancer_Projects/data/NEVADA/PUBL00006960.jpg
431,61370,61370,61370,/sddata/projects/Cervical_Cancer_Projects/data/PAVE/000005117.jpg
432,53248,53248,53248,/sddata/projects/Cervical_Cancer_Projects/data/PAVE/000012592.jpg
433,564,564,564,/sddata/projects/Cervical_Cancer_Projects/data/mobileODT_harvard_masked_images/QLGF-00000861.jpg
434,50416,50416,50416,/sddata/projects/Cervical_Cancer_Projects/data/PAVE/000018466.jpg
435,13098,13098,13098,/sddata/projects/Cervical_Cancer_Projects/data/Itoju_Nigeria/HFLD-00002461.jpg
436,64242,64242,64242,/sddata/projects/Cervical_Cancer_Projects/data/PAVE/000006180.jpg
437,15137,15137,15137,/sddata/projects/Cervical_Cancer_Projects/data/Itoju_Nigeria/HFLD-00004352.jpg
438,55205,55205,55205,/sddata/projects/Cervical_Cancer_Projects/data/PAVE/000020275.jpg
439,40152,40152,40152,/sddata/projects/Cervical_Cancer_Projects/data/NEVADA/ZRQB-00000115.jpg
440,37332,37332,37332,/sddata/projects/Cervical_Cancer_Projects/data/NEVADA/PUBL00002232.jpg
441,16123,16123,16123,/sddata/projects/Cervical_Cancer_Projects/data/Itoju_Nigeria/HFLD-00017980.jpg
442,29017,29017,29017,/sddata/projects/Cervical_Cancer_Projects/data/NEVADA/PUBL00032985.jpg
443,66300,66300,66300,/sddata/projects/Cervical_Cancer_Projects/data/PAVE/DOM 000101 007.jpg
444,14993,14993,14993,/sddata/projects/Cervical_Cancer_Projects/data/Itoju_Nigeria/HFLD-00007913.jpg
445,60760,60760,60760,/sddata/projects/Cervical_Cancer_Projects/data/PAVE/000005413.jpg
446,55012,55012,55012,/sddata/projects/Cervical_Cancer_Projects/data/PAVE/MSK 000031 019.jpeg
447,22621,22621,22621,/sddata/projects/Cervical_Cancer_Projects/data/SEED/I378994_C2.jpg
448,26351,26351,26351,/sddata/projects/Cervical_Cancer_Projects/data/Itoju_Nigeria_No_DC_Labels/HFLD-00016144.jpg
449,9126,9126,9126,/sddata/projects/Cervical_Cancer_Projects/data/Itoju_Nigeria/HFLD-00010089.jpg
450,29019,29019,29019,/sddata/projects/Cervical_Cancer_Projects/data/NEVADA/PUBL00020200.jpg
451,71235,71235,71235,/sddata/projects/Cervical_Cancer_Projects/data/PAVE/000004463.jpg
452,32904,32904,32904,/sddata/projects/Cervical_Cancer_Projects/data/NEVADA/PUBL00012154.jpg
453,48215,48215,48215,/sddata/projects/Cervical_Cancer_Projects/data/IRIS_DR/DOM 000047 008.jpg
454,66463,66463,66463,/sddata/projects/Cervical_Cancer_Projects/data/PAVE/000007855.jpg
455,24277,24277,24277,/sddata/projects/Cervical_Cancer_Projects/data/Itoju_Nigeria_No_DC_Labels/HFLD-00008270.jpg
456,52900,52900,52900,/sddata/projects/Cervical_Cancer_Projects/data/PAVE/000015449.jpg
457,11838,11838,11838,/sddata/projects/Cervical_Cancer_Projects/data/Itoju_Nigeria/HFLD-00010699.jpg
458,44988,44988,44988,/sddata/projects/Cervical_Cancer_Projects/data/CVT_Low_Qual/I531069_C1.jpg
459,29712,29712,29712,/sddata/projects/Cervical_Cancer_Projects/data/NEVADA/PUBL00004366.jpg
460,39667,39667,39667,/sddata/projects/Cervical_Cancer_Projects/data/NEVADA/WLFP-00001347.jpg
461,42506,42506,42506,/sddata/projects/Cervical_Cancer_Projects/data/ALTS_NHS_Low_Qual/I899551_C1.jpg
462,23201,23201,23201,/sddata/projects/Cervical_Cancer_Projects/data/SEED/I458009_C2.jpg
463,18775,18775,18775,/sddata/projects/Cervical_Cancer_Projects/data/SEED/I267224_C2.jpg
464,46494,46494,46494,/sddata/projects/Cervical_Cancer_Projects/data/CVT_Low_Qual/SBX1256_3.jpg
465,59793,59793,59793,/sddata/projects/Cervical_Cancer_Projects/data/PAVE/000005065.jpg
466,58198,58198,58198,/sddata/projects/Cervical_Cancer_Projects/data/PAVE/000004275.jpg
467,62205,62205,62205,/sddata/projects/Cervical_Cancer_Projects/data/PAVE/000020122.jpg
468,13548,13548,13548,/sddata/projects/Cervical_Cancer_Projects/data/Itoju_Nigeria/HFLD-00018594.jpg
469,59688,59688,59688,/sddata/projects/Cervical_Cancer_Projects/data/PAVE/000010500.jpg
470,44340,44340,44340,/sddata/projects/Cervical_Cancer_Projects/data/CVT_Low_Qual/I100797_C1.jpg
471,17090,17090,17090,/sddata/projects/Cervical_Cancer_Projects/data/SEED/I828134_C2.jpg
472,32003,32003,32003,/sddata/projects/Cervical_Cancer_Projects/data/NEVADA/PUBL00023941.jpg
473,31375,31375,31375,/sddata/projects/Cervical_Cancer_Projects/data/NEVADA/PUBL00016382.jpg
474,24112,24112,24112,/sddata/projects/Cervical_Cancer_Projects/data/Itoju_Nigeria_No_DC_Labels/HFLD-00009790.jpg
475,69657,69657,69657,/sddata/projects/Cervical_Cancer_Projects/data/PAVE/000008164.jpg
476,33415,33415,33415,/sddata/projects/Cervical_Cancer_Projects/data/NEVADA/PUBL00015485.jpg
477,38004,38004,38004,/sddata/projects/Cervical_Cancer_Projects/data/NEVADA/PUBL00050054.jpg
478,51518,51518,51518,/sddata/projects/Cervical_Cancer_Projects/data/PAVE/000015132.jpg
479,57078,57078,57078,/sddata/projects/Cervical_Cancer_Projects/data/PAVE/000016777.jpg
480,10085,10085,10085,/sddata/projects/Cervical_Cancer_Projects/data/Itoju_Nigeria/HFLD-00018121.jpg
481,20411,20411,20411,/sddata/projects/Cervical_Cancer_Projects/data/SEED/I172361_C1.jpg
482,34093,34093,34093,/sddata/projects/Cervical_Cancer_Projects/data/NEVADA/PUBL00000251.jpg
483,33711,33711,33711,/sddata/projects/Cervical_Cancer_Projects/data/NEVADA/PUBL00046542.jpg
484,10831,10831,10831,/sddata/projects/Cervical_Cancer_Projects/data/Itoju_Nigeria/HFLD-00014998.jpg
485,52511,52511,52511,/sddata/projects/Cervical_Cancer_Projects/data/PAVE/000000644.jpg
486,15199,15199,15199,/sddata/projects/Cervical_Cancer_Projects/data/Itoju_Nigeria/HFLD-00015369.jpg
487,33839,33839,33839,/sddata/projects/Cervical_Cancer_Projects/data/NEVADA/PUBL00049009.jpg
488,26706,26706,26706,/sddata/projects/Cervical_Cancer_Projects/data/Itoju_Nigeria_No_DC_Labels/HFLD-00007114.jpg
489,41852,41852,41852,/sddata/projects/Cervical_Cancer_Projects/data/NEVADA/WLSH-00000060.jpg
490,2556,2556,2556,/sddata/projects/Cervical_Cancer_Projects/data/Itoju_Nigeria/HFLD-00010851.jpg
491,71790,71790,71790,/sddata/projects/Cervical_Cancer_Projects/data/PAVE/000000499.jpg
492,34705,34705,34705,/sddata/projects/Cervical_Cancer_Projects/data/NEVADA/WLFP-00002171.jpg
493,64957,64957,64957,/sddata/projects/Cervical_Cancer_Projects/data/PAVE/000019668.jpg
494,27352,27352,27352,/sddata/projects/Cervical_Cancer_Projects/data/NEVADA/PUBL00002065.jpg
495,28260,28260,28260,/sddata/projects/Cervical_Cancer_Projects/data/NEVADA/PUBL00027152.jpg
496,21724,21724,21724,/sddata/projects/Cervical_Cancer_Projects/data/SEED/I730172_C2.jpg
497,52411,52411,52411,/sddata/projects/Cervical_Cancer_Projects/data/PAVE/000013111.jpg
498,39275,39275,39275,/sddata/projects/Cervical_Cancer_Projects/data/NEVADA/PUBL00052066.jpg
499,10530,10530,10530,/sddata/projects/Cervical_Cancer_Projects/data/Itoju_Nigeria/HFLD-00002586.jpg
500,19815,19815,19815,/sddata/projects/Cervical_Cancer_Projects/data/SEED/I734576_C1.jpg
501,7217,7217,7217,/sddata/projects/Cervical_Cancer_Projects/data/Itoju_Nigeria/HFLD-00003244.jpg
502,7144,7144,7144,/sddata/projects/Cervical_Cancer_Projects/data/Itoju_Nigeria/HFLD-00007641.jpg
503,43266,43266,43266,/sddata/projects/Cervical_Cancer_Projects/data/ALTS_NHS_Low_Qual/I256366_C2.jpg
504,14753,14753,14753,/sddata/projects/Cervical_Cancer_Projects/data/Itoju_Nigeria/HFLD-00008000.jpg
505,33287,33287,33287,/sddata/projects/Cervical_Cancer_Projects/data/NEVADA/PUBL00038023.jpg
506,17873,17873,17873,/sddata/projects/Cervical_Cancer_Projects/data/SEED/I349027_C2.jpg
507,50855,50855,50855,/sddata/projects/Cervical_Cancer_Projects/data/PAVE/000000083.jpg
508,68522,68522,68522,/sddata/projects/Cervical_Cancer_Projects/data/PAVE/000000368.jpg
509,64413,64413,64413,/sddata/projects/Cervical_Cancer_Projects/data/PAVE/000017017.jpg
510,34255,34255,34255,/sddata/projects/Cervical_Cancer_Projects/data/NEVADA/BSPR-00000012.jpg
511,9632,9632,9632,/sddata/projects/Cervical_Cancer_Projects/data/Itoju_Nigeria/HFLD-00003140.jpg
512,51073,51073,51073,/sddata/projects/Cervical_Cancer_Projects/data/PAVE/000018736.jpg
513,63570,63570,63570,/sddata/projects/Cervical_Cancer_Projects/data/PAVE/000002273.jpg
514,63446,63446,63446,/sddata/projects/Cervical_Cancer_Projects/data/PAVE/000014374.jpg
515,24350,24350,24350,/sddata/projects/Cervical_Cancer_Projects/data/Itoju_Nigeria_No_DC_Labels/HFLD-00001590.jpg
516,19916,19916,19916,/sddata/projects/Cervical_Cancer_Projects/data/SEED/I681955_C1.jpg
517,7678,7678,7678,/sddata/projects/Cervical_Cancer_Projects/data/Itoju_Nigeria/HFLD-00015941.jpg
518,40815,40815,40815,/sddata/projects/Cervical_Cancer_Projects/data/NEVADA/WLFP-00002923.jpg
519,1870,1870,1870,/sddata/projects/Cervical_Cancer_Projects/data/mobileODT_harvard_masked_images/QLGF-00004351.jpg
520,62159,62159,62159,/sddata/projects/Cervical_Cancer_Projects/data/PAVE/DOM 000086 003.jpg
521,10424,10424,10424,/sddata/projects/Cervical_Cancer_Projects/data/Itoju_Nigeria/HFLD-00011949.jpg
522,2990,2990,2990,/sddata/projects/Cervical_Cancer_Projects/data/Itoju_Nigeria/HFLD-00003941.jpg
523,12255,12255,12255,/sddata/projects/Cervical_Cancer_Projects/data/Itoju_Nigeria/HFLD-00013789.jpg
524,49822,49822,49822,/sddata/projects/Cervical_Cancer_Projects/data/Itoju_Nigeria_No_Qual_Labels/HFLD-00016649.jpg
525,21436,21436,21436,/sddata/projects/Cervical_Cancer_Projects/data/SEED/GYFZ-00006021.jpg
526,59068,59068,59068,/sddata/projects/Cervical_Cancer_Projects/data/PAVE/DOM 000091 001.jpg
527,19313,19313,19313,/sddata/projects/Cervical_Cancer_Projects/data/SEED/I207953_C2.jpg
528,49644,49644,49644,/sddata/projects/Cervical_Cancer_Projects/data/Itoju_Nigeria_No_Qual_Labels/HFLD-00009729.jpg
529,55577,55577,55577,/sddata/projects/Cervical_Cancer_Projects/data/PAVE/000007896.jpg
530,18303,18303,18303,/sddata/projects/Cervical_Cancer_Projects/data/SEED/I463669_C1.jpg
531,47051,47051,47051,/sddata/projects/Cervical_Cancer_Projects/data/CVT_Low_Qual/I508838_C1.jpg
532,42258,42258,42258,/sddata/projects/Cervical_Cancer_Projects/data/NEVADA/PUBL00019037.jpg
533,22774,22774,22774,/sddata/projects/Cervical_Cancer_Projects/data/SEED/I403697_C2.jpg
534,57070,57070,57070,/sddata/projects/Cervical_Cancer_Projects/data/PAVE/000008558.jpg
535,60001,60001,60001,/sddata/projects/Cervical_Cancer_Projects/data/PAVE/000004313.jpg
536,23394,23394,23394,/sddata/projects/Cervical_Cancer_Projects/data/Itoju_Nigeria_No_DC_Labels/HFLD-00001700.jpg
537,55410,55410,55410,/sddata/projects/Cervical_Cancer_Projects/data/PAVE/000014340.jpg
538,47798,47798,47798,/sddata/projects/Cervical_Cancer_Projects/data/IRIS_cambodia/MSK 000014 004.jpeg
539,62864,62864,62864,/sddata/projects/Cervical_Cancer_Projects/data/PAVE/000015440.jpg
540,13466,13466,13466,/sddata/projects/Cervical_Cancer_Projects/data/Itoju_Nigeria/HFLD-00000061.jpg
541,36611,36611,36611,/sddata/projects/Cervical_Cancer_Projects/data/NEVADA/FARH-00000345.jpg
542,60490,60490,60490,/sddata/projects/Cervical_Cancer_Projects/data/PAVE/000008251.jpg
543,56989,56989,56989,/sddata/projects/Cervical_Cancer_Projects/data/PAVE/000003509.jpg
544,2059,2059,2059,/sddata/projects/Cervical_Cancer_Projects/data/mobileODT_harvard_masked_images/QLGF-00003181.jpg
545,34025,34025,34025,/sddata/projects/Cervical_Cancer_Projects/data/NEVADA/PUBL00010231.jpg
546,57629,57629,57629,/sddata/projects/Cervical_Cancer_Projects/data/PAVE/000012381.jpg
547,12814,12814,12814,/sddata/projects/Cervical_Cancer_Projects/data/Itoju_Nigeria/HFLD-00002597.jpg
548,41082,41082,41082,/sddata/projects/Cervical_Cancer_Projects/data/NEVADA/PUBL00019148.jpg
549,28438,28438,28438,/sddata/projects/Cervical_Cancer_Projects/data/NEVADA/PUBL00021734.jpg
550,8171,8171,8171,/sddata/projects/Cervical_Cancer_Projects/data/Itoju_Nigeria/HFLD-00001934.jpg
551,6790,6790,6790,/sddata/projects/Cervical_Cancer_Projects/data/Itoju_Nigeria/HFLD-00018390.jpg
552,27907,27907,27907,/sddata/projects/Cervical_Cancer_Projects/data/NEVADA/PUBL00047316.jpg
553,17055,17055,17055,/sddata/projects/Cervical_Cancer_Projects/data/SEED/I792053_C2.jpg
554,32509,32509,32509,/sddata/projects/Cervical_Cancer_Projects/data/NEVADA/PUBL00049530.jpg
555,13126,13126,13126,/sddata/projects/Cervical_Cancer_Projects/data/Itoju_Nigeria/HFLD-00014749.jpg
556,66308,66308,66308,/sddata/projects/Cervical_Cancer_Projects/data/PAVE/000008771.jpg
557,6698,6698,6698,/sddata/projects/Cervical_Cancer_Projects/data/Itoju_Nigeria/HFLD-00010404.jpg
558,42760,42760,42760,/sddata/projects/Cervical_Cancer_Projects/data/ALTS_NHS_Low_Qual/I670926_C2.jpg
559,36049,36049,36049,/sddata/projects/Cervical_Cancer_Projects/data/NEVADA/PUBL00054403.jpg
560,53455,53455,53455,/sddata/projects/Cervical_Cancer_Projects/data/PAVE/000003430.jpg
561,58691,58691,58691,/sddata/projects/Cervical_Cancer_Projects/data/PAVE/DOM 000096 008.jpg
562,15774,15774,15774,/sddata/projects/Cervical_Cancer_Projects/data/Itoju_Nigeria/HFLD-00013733.jpg
563,65818,65818,65818,/sddata/projects/Cervical_Cancer_Projects/data/PAVE/000012598.jpg
564,13038,13038,13038,/sddata/projects/Cervical_Cancer_Projects/data/Itoju_Nigeria/HFLD-00009882.jpg
565,45508,45508,45508,/sddata/projects/Cervical_Cancer_Projects/data/CVT_Low_Qual/I422369_C1.jpg
566,25677,25677,25677,/sddata/projects/Cervical_Cancer_Projects/data/Itoju_Nigeria_No_DC_Labels/HFLD-00014665.jpg
567,54718,54718,54718,/sddata/projects/Cervical_Cancer_Projects/data/PAVE/000000830.jpg
568,20065,20065,20065,/sddata/projects/Cervical_Cancer_Projects/data/SEED/I393004_C1.jpg
569,32166,32166,32166,/sddata/projects/Cervical_Cancer_Projects/data/NEVADA/PUBL00024957.jpg
570,31503,31503,31503,/sddata/projects/Cervical_Cancer_Projects/data/NEVADA/PUBL00019223.jpg
571,16617,16617,16617,/sddata/projects/Cervical_Cancer_Projects/data/Itoju_Nigeria/HFLD-00002075.jpg
572,46138,46138,46138,/sddata/projects/Cervical_Cancer_Projects/data/CVT_Low_Qual/I307858_C2.jpg
573,33863,33863,33863,/sddata/projects/Cervical_Cancer_Projects/data/NEVADA/PUBL00025015.jpg
574,696,696,696,/sddata/projects/Cervical_Cancer_Projects/data/mobileODT_harvard_masked_images/QLGF-00006401.jpg
575,47608,47608,47608,/sddata/projects/Cervical_Cancer_Projects/data/CVT_Low_Qual/I514644_C1.jpg
576,52317,52317,52317,/sddata/projects/Cervical_Cancer_Projects/data/PAVE/000007154.jpg
577,38163,38163,38163,/sddata/projects/Cervical_Cancer_Projects/data/NEVADA/WLSH-00000109.jpg
578,4568,4568,4568,/sddata/projects/Cervical_Cancer_Projects/data/Itoju_Nigeria/HFLD-00002296.jpg
579,66580,66580,66580,/sddata/projects/Cervical_Cancer_Projects/data/PAVE/000006524.jpg
580,1413,1413,1413,/sddata/projects/Cervical_Cancer_Projects/data/mobileODT_harvard_masked_images/QLGF-00001639.jpg
581,51189,51189,51189,/sddata/projects/Cervical_Cancer_Projects/data/PAVE/000019379.jpg
582,29259,29259,29259,/sddata/projects/Cervical_Cancer_Projects/data/NEVADA/PUBL00008618.jpg
583,21667,21667,21667,/sddata/projects/Cervical_Cancer_Projects/data/SEED/I277503_C2.jpg
584,49471,49471,49471,/sddata/projects/Cervical_Cancer_Projects/data/Itoju_Nigeria_No_Qual_Labels/HFLD-00002249.jpg
585,26010,26010,26010,/sddata/projects/Cervical_Cancer_Projects/data/Itoju_Nigeria_No_DC_Labels/HFLD-00006396.jpg
586,48734,48734,48734,/sddata/projects/Cervical_Cancer_Projects/data/IRIS_DR/DOM 000034 011.jpeg
587,50045,50045,50045,/sddata/projects/Cervical_Cancer_Projects/data/PAVE/000017426.jpg
588,38012,38012,38012,/sddata/projects/Cervical_Cancer_Projects/data/NEVADA/PUBL00036232.jpg
589,36548,36548,36548,/sddata/projects/Cervical_Cancer_Projects/data/NEVADA/PUBL00041608.jpg
590,30853,30853,30853,/sddata/projects/Cervical_Cancer_Projects/data/NEVADA/PUBL00038659.jpg
591,2310,2310,2310,/sddata/projects/Cervical_Cancer_Projects/data/Itoju_Nigeria/HFLD-00011992.jpg
592,58737,58737,58737,/sddata/projects/Cervical_Cancer_Projects/data/PAVE/000010205.jpg
593,51905,51905,51905,/sddata/projects/Cervical_Cancer_Projects/data/PAVE/000015103.jpg
594,49583,49583,49583,/sddata/projects/Cervical_Cancer_Projects/data/Itoju_Nigeria_No_Qual_Labels/HFLD-00007015.jpg
595,47865,47865,47865,/sddata/projects/Cervical_Cancer_Projects/data/IRIS_cambodia/MSK 000064 007.jpg
596,4613,4613,4613,/sddata/projects/Cervical_Cancer_Projects/data/Itoju_Nigeria/HFLD-00001698.jpg
597,67529,67529,67529,/sddata/projects/Cervical_Cancer_Projects/data/PAVE/000005884.jpg
598,9722,9722,9722,/sddata/projects/Cervical_Cancer_Projects/data/Itoju_Nigeria/HFLD-00010844.jpg
599,43243,43243,43243,/sddata/projects/Cervical_Cancer_Projects/data/ALTS_NHS_Low_Qual/I403535_C1.jpg
600,56931,56931,56931,/sddata/projects/Cervical_Cancer_Projects/data/PAVE/000016752.jpg
601,39334,39334,39334,/sddata/projects/Cervical_Cancer_Projects/data/NEVADA/PUBL00022843.jpg
602,69193,69193,69193,/sddata/projects/Cervical_Cancer_Projects/data/PAVE/000009484.jpg
603,23623,23623,23623,/sddata/projects/Cervical_Cancer_Projects/data/Itoju_Nigeria_No_DC_Labels/HFLD-00015465.jpg
604,9634,9634,9634,/sddata/projects/Cervical_Cancer_Projects/data/Itoju_Nigeria/HFLD-00010494.jpg
605,39246,39246,39246,/sddata/projects/Cervical_Cancer_Projects/data/NEVADA/PUBL00009277.jpg
606,66829,66829,66829,/sddata/projects/Cervical_Cancer_Projects/data/PAVE/000008419.jpg
607,31931,31931,31931,/sddata/projects/Cervical_Cancer_Projects/data/NEVADA/PUBL00033267.jpg
608,48093,48093,48093,/sddata/projects/Cervical_Cancer_Projects/data/IRIS_cambodia/MSK 000056 002.jpg
609,41774,41774,41774,/sddata/projects/Cervical_Cancer_Projects/data/NEVADA/PUBL00047679.jpg
610,5488,5488,5488,/sddata/projects/Cervical_Cancer_Projects/data/Itoju_Nigeria/HFLD-00018224.jpg
611,67864,67864,67864,/sddata/projects/Cervical_Cancer_Projects/data/PAVE/000010793.jpg
612,58227,58227,58227,/sddata/projects/Cervical_Cancer_Projects/data/PAVE/000007996.jpg
613,58624,58624,58624,/sddata/projects/Cervical_Cancer_Projects/data/PAVE/000015564.jpg
614,8506,8506,8506,/sddata/projects/Cervical_Cancer_Projects/data/Itoju_Nigeria/HFLD-00012819.jpg
615,7842,7842,7842,/sddata/projects/Cervical_Cancer_Projects/data/Itoju_Nigeria/HFLD-00015831.jpg
616,40602,40602,40602,/sddata/projects/Cervical_Cancer_Projects/data/NEVADA/PUBL00000138.jpg
617,53975,53975,53975,/sddata/projects/Cervical_Cancer_Projects/data/PAVE/000012468.jpg
618,4026,4026,4026,/sddata/projects/Cervical_Cancer_Projects/data/Itoju_Nigeria/HFLD-00018175.jpg
619,64547,64547,64547,/sddata/projects/Cervical_Cancer_Projects/data/PAVE/000009624.jpg
620,55865,55865,55865,/sddata/projects/Cervical_Cancer_Projects/data/PAVE/000016004.jpg
621,2273,2273,2273,/sddata/projects/Cervical_Cancer_Projects/data/Itoju_Nigeria/HFLD-00008124.jpg
622,24819,24819,24819,/sddata/projects/Cervical_Cancer_Projects/data/Itoju_Nigeria_No_DC_Labels/HFLD-00018861.jpg
623,41210,41210,41210,/sddata/projects/Cervical_Cancer_Projects/data/NEVADA/PLYF-00000165.jpeg
624,66990,66990,66990,/sddata/projects/Cervical_Cancer_Projects/data/PAVE/000004092.jpg
625,57314,57314,57314,/sddata/projects/Cervical_Cancer_Projects/data/PAVE/000002260.jpg
626,45456,45456,45456,/sddata/projects/Cervical_Cancer_Projects/data/CVT_Low_Qual/I120337_C1.jpg
627,24759,24759,24759,/sddata/projects/Cervical_Cancer_Projects/data/Itoju_Nigeria_No_DC_Labels/HFLD-00011167.jpg
628,29130,29130,29130,/sddata/projects/Cervical_Cancer_Projects/data/NEVADA/HZBM-00000427.jpg
629,8790,8790,8790,/sddata/projects/Cervical_Cancer_Projects/data/Itoju_Nigeria/HFLD-00011531.jpg
630,40313,40313,40313,/sddata/projects/Cervical_Cancer_Projects/data/NEVADA/PUBL00023900.jpg
631,11076,11076,11076,/sddata/projects/Cervical_Cancer_Projects/data/Itoju_Nigeria/HFLD-00008508.jpg
632,39642,39642,39642,/sddata/projects/Cervical_Cancer_Projects/data/NEVADA/PUBL00002217.jpg
633,62189,62189,62189,/sddata/projects/Cervical_Cancer_Projects/data/PAVE/000002248.jpg
634,12351,12351,12351,/sddata/projects/Cervical_Cancer_Projects/data/Itoju_Nigeria/HFLD-00002387.jpg
635,54948,54948,54948,/sddata/projects/Cervical_Cancer_Projects/data/PAVE/000017354.jpg
636,27504,27504,27504,/sddata/projects/Cervical_Cancer_Projects/data/NEVADA/PUBL00031945.jpg
637,5326,5326,5326,/sddata/projects/Cervical_Cancer_Projects/data/Itoju_Nigeria/HFLD-00010911.jpg
638,58020,58020,58020,/sddata/projects/Cervical_Cancer_Projects/data/PAVE/000000370.jpg
639,55503,55503,55503,/sddata/projects/Cervical_Cancer_Projects/data/PAVE/000001923.jpg
640,33976,33976,33976,/sddata/projects/Cervical_Cancer_Projects/data/NEVADA/BSPR-00000008.jpg
641,61601,61601,61601,/sddata/projects/Cervical_Cancer_Projects/data/PAVE/000007832.jpg
642,128,128,128,/sddata/projects/Cervical_Cancer_Projects/data/mobileODT_harvard_masked_images/QLGF-00004513.jpg
643,54666,54666,54666,/sddata/projects/Cervical_Cancer_Projects/data/PAVE/000006232.jpg
644,44202,44202,44202,/sddata/projects/Cervical_Cancer_Projects/data/CVT_Low_Qual/I159386_C1.jpg
645,454,454,454,/sddata/projects/Cervical_Cancer_Projects/data/mobileODT_harvard_masked_images/QLGF-00005838.jpg
646,64593,64593,64593,/sddata/projects/Cervical_Cancer_Projects/data/PAVE/000018648.jpg
647,68467,68467,68467,/sddata/projects/Cervical_Cancer_Projects/data/PAVE/000009892.jpeg
648,11420,11420,11420,/sddata/projects/Cervical_Cancer_Projects/data/Itoju_Nigeria/HFLD-00005885.jpg
649,64660,64660,64660,/sddata/projects/Cervical_Cancer_Projects/data/PAVE/000011817.jpg
650,19430,19430,19430,/sddata/projects/Cervical_Cancer_Projects/data/SEED/GYFZ-00002180.jpg
651,49158,49158,49158,/sddata/projects/Cervical_Cancer_Projects/data/Itoju_Nigeria_No_Qual_Labels/HFLD-00001610.jpg
652,39928,39928,39928,/sddata/projects/Cervical_Cancer_Projects/data/NEVADA/PUBL00037975.jpg
653,5246,5246,5246,/sddata/projects/Cervical_Cancer_Projects/data/Itoju_Nigeria/HFLD-00014996.jpg
654,66559,66559,66559,/sddata/projects/Cervical_Cancer_Projects/data/PAVE/000008150.jpg
655,37505,37505,37505,/sddata/projects/Cervical_Cancer_Projects/data/NEVADA/WLFP-00001521.jpg
656,54591,54591,54591,/sddata/projects/Cervical_Cancer_Projects/data/PAVE/000016411.jpg
657,47921,47921,47921,/sddata/projects/Cervical_Cancer_Projects/data/IRIS_cambodia/MSK 000040 005.jpeg
658,41123,41123,41123,/sddata/projects/Cervical_Cancer_Projects/data/NEVADA/PUBL00015777.jpg
659,55080,55080,55080,/sddata/projects/Cervical_Cancer_Projects/data/PAVE/000000071.jpg
660,33225,33225,33225,/sddata/projects/Cervical_Cancer_Projects/data/NEVADA/PUBL00047311.jpg
661,35499,35499,35499,/sddata/projects/Cervical_Cancer_Projects/data/NEVADA/PUBL00009154.jpg
662,22111,22111,22111,/sddata/projects/Cervical_Cancer_Projects/data/SEED/I898601_C2.jpg
663,46896,46896,46896,/sddata/projects/Cervical_Cancer_Projects/data/CVT_Low_Qual/I590830_C1.jpg
664,53189,53189,53189,/sddata/projects/Cervical_Cancer_Projects/data/PAVE/000015702.jpg
665,56157,56157,56157,/sddata/projects/Cervical_Cancer_Projects/data/PAVE/000012473.jpg
666,5199,5199,5199,/sddata/projects/Cervical_Cancer_Projects/data/Itoju_Nigeria/HFLD-00017209.jpg
667,6994,6994,6994,/sddata/projects/Cervical_Cancer_Projects/data/Itoju_Nigeria/HFLD-00001306.jpg
668,37439,37439,37439,/sddata/projects/Cervical_Cancer_Projects/data/NEVADA/WLFP-00001389.jpg
669,15179,15179,15179,/sddata/projects/Cervical_Cancer_Projects/data/Itoju_Nigeria/HFLD-00006758.jpg
670,19976,19976,19976,/sddata/projects/Cervical_Cancer_Projects/data/SEED/I689233_C1.jpg
671,30265,30265,30265,/sddata/projects/Cervical_Cancer_Projects/data/NEVADA/PUBL00047639.jpg
672,18112,18112,18112,/sddata/projects/Cervical_Cancer_Projects/data/SEED/I487097_C2.jpg
673,35328,35328,35328,/sddata/projects/Cervical_Cancer_Projects/data/NEVADA/PUBL00040256.jpg
674,33987,33987,33987,/sddata/projects/Cervical_Cancer_Projects/data/NEVADA/BSPR-00000165.jpg
675,60034,60034,60034,/sddata/projects/Cervical_Cancer_Projects/data/PAVE/000008928.jpg
676,65336,65336,65336,/sddata/projects/Cervical_Cancer_Projects/data/PAVE/000002863.jpg
677,67794,67794,67794,/sddata/projects/Cervical_Cancer_Projects/data/PAVE/000014321.jpg
678,35339,35339,35339,/sddata/projects/Cervical_Cancer_Projects/data/NEVADA/PUBL00032270.jpg
679,11733,11733,11733,/sddata/projects/Cervical_Cancer_Projects/data/Itoju_Nigeria/HFLD-00017964.jpg
680,18218,18218,18218,/sddata/projects/Cervical_Cancer_Projects/data/SEED/I464057_C1.jpg
681,67567,67567,67567,/sddata/projects/Cervical_Cancer_Projects/data/PAVE/000003036.jpg
682,39655,39655,39655,/sddata/projects/Cervical_Cancer_Projects/data/NEVADA/PUBL00019681.jpg
683,59303,59303,59303,/sddata/projects/Cervical_Cancer_Projects/data/PAVE/000003562.jpg
684,12887,12887,12887,/sddata/projects/Cervical_Cancer_Projects/data/Itoju_Nigeria/HFLD-00006061.jpg
685,63351,63351,63351,/sddata/projects/Cervical_Cancer_Projects/data/PAVE/000000884.jpg
686,68887,68887,68887,/sddata/projects/Cervical_Cancer_Projects/data/PAVE/000012590.jpg
687,33510,33510,33510,/sddata/projects/Cervical_Cancer_Projects/data/NEVADA/HZBM-00000177.jpg
688,67381,67381,67381,/sddata/projects/Cervical_Cancer_Projects/data/PAVE/000013185.jpg
689,42286,42286,42286,/sddata/projects/Cervical_Cancer_Projects/data/NEVADA/PUBL00011816.jpg
690,36620,36620,36620,/sddata/projects/Cervical_Cancer_Projects/data/NEVADA/PUBL00011146.jpg
691,14218,14218,14218,/sddata/projects/Cervical_Cancer_Projects/data/Itoju_Nigeria/HFLD-00015117.jpg
692,69342,69342,69342,/sddata/projects/Cervical_Cancer_Projects/data/PAVE/000004929.jpg
693,70796,70796,70796,/sddata/projects/Cervical_Cancer_Projects/data/PAVE/000009224.jpg
694,3292,3292,3292,/sddata/projects/Cervical_Cancer_Projects/data/Itoju_Nigeria/HFLD-00005689.jpg
695,18666,18666,18666,/sddata/projects/Cervical_Cancer_Projects/data/SEED/I699847_C1.jpg
696,35591,35591,35591,/sddata/projects/Cervical_Cancer_Projects/data/NEVADA/JBKV-00000455.png
697,37183,37183,37183,/sddata/projects/Cervical_Cancer_Projects/data/NEVADA/PUBL00034066.jpg
698,68553,68553,68553,/sddata/projects/Cervical_Cancer_Projects/data/PAVE/000009333.jpg
699,63385,63385,63385,/sddata/projects/Cervical_Cancer_Projects/data/PAVE/000020276.jpg
700,49473,49473,49473,/sddata/projects/Cervical_Cancer_Projects/data/Itoju_Nigeria_No_Qual_Labels/HFLD-00002980.jpg
701,30224,30224,30224,/sddata/projects/Cervical_Cancer_Projects/data/NEVADA/PUBL00019221.jpg
702,62453,62453,62453,/sddata/projects/Cervical_Cancer_Projects/data/PAVE/DOM 000083 006.jpg
703,949,949,949,/sddata/projects/Cervical_Cancer_Projects/data/mobileODT_harvard_masked_images/QLGF-00002933.jpg
704,34793,34793,34793,/sddata/projects/Cervical_Cancer_Projects/data/NEVADA/WLFP-00003569.jpg
705,60889,60889,60889,/sddata/projects/Cervical_Cancer_Projects/data/PAVE/000015694.jpg
706,68021,68021,68021,/sddata/projects/Cervical_Cancer_Projects/data/PAVE/000016303.jpg
707,70283,70283,70283,/sddata/projects/Cervical_Cancer_Projects/data/PAVE/000012123.jpg
708,61077,61077,61077,/sddata/projects/Cervical_Cancer_Projects/data/PAVE/000003200.jpg
709,14564,14564,14564,/sddata/projects/Cervical_Cancer_Projects/data/Itoju_Nigeria/HFLD-00003709.jpg
710,22260,22260,22260,/sddata/projects/Cervical_Cancer_Projects/data/SEED/SBX1258_3.jpg
711,2338,2338,2338,/sddata/projects/Cervical_Cancer_Projects/data/Itoju_Nigeria/HFLD-00016278.jpg
712,26072,26072,26072,/sddata/projects/Cervical_Cancer_Projects/data/Itoju_Nigeria_No_DC_Labels/HFLD-00007732.jpg
713,15618,15618,15618,/sddata/projects/Cervical_Cancer_Projects/data/Itoju_Nigeria/HFLD-00000860.jpg
714,55676,55676,55676,/sddata/projects/Cervical_Cancer_Projects/data/PAVE/000009361.jpg
715,71203,71203,71203,/sddata/projects/Cervical_Cancer_Projects/data/PAVE/000001271.jpg
716,13132,13132,13132,/sddata/projects/Cervical_Cancer_Projects/data/Itoju_Nigeria/HFLD-00012928.jpg
717,67111,67111,67111,/sddata/projects/Cervical_Cancer_Projects/data/PAVE/000013374.jpg
718,71665,71665,71665,/sddata/projects/Cervical_Cancer_Projects/data/PAVE/000002810.jpg
